"DESCRIPTION","DURATION IN MS","NAME","PARENT SUITE","START TIME","STATUS","STOP TIME","SUB SUITE","SUITE","TEST CLASS","TEST METHOD"
"","3018","should show an error message  locked_out_user and Invalid password credentials","","Wed Oct 30 00:57:20 BDT 2024","passed","Wed Oct 30 00:57:23 BDT 2024","","Verify the error message","",""
"","8247","should successfully login with valid credentials ","","Wed Oct 30 02:12:41 BDT 2024","passed","Wed Oct 30 02:12:50 BDT 2024","","Filter product ,  Add To Cart , Checkout and Verify ","",""
"","2100","should show an error message  locked_out_user_test and Invalid password credentials","","Sun Oct 13 18:29:12 BDT 2024","passed","Sun Oct 13 18:29:14 BDT 2024","","Verify the error message","",""
"","19647","should add product and verify name and price","","Wed Oct 30 02:12:50 BDT 2024","passed","Wed Oct 30 02:13:09 BDT 2024","","Filter product ,  Add To Cart , Checkout and Verify ","",""
"","3032","should successfully login with valid credentials ","","Wed Oct 30 02:12:40 BDT 2024","passed","Wed Oct 30 02:12:43 BDT 2024","","Login , Product Add To Cart(without filter) and Verify ","",""
"","12809","should show an error message  locked_out_user and valid password credentials","","Wed Oct 30 00:57:07 BDT 2024","failed","Wed Oct 30 00:57:20 BDT 2024","","Verify the error message","",""
"","2921","should show an error message  locked_out_user and Invalid password credentials","","Wed Oct 30 02:12:47 BDT 2024","passed","Wed Oct 30 02:12:50 BDT 2024","","Verify the error message","",""
"","3090","should show an error message  locked_out_user and valid password credentials","","Wed Oct 30 02:12:44 BDT 2024","passed","Wed Oct 30 02:12:47 BDT 2024","","Verify the error message","",""
"","6081","should show an error message with empty password ","","Wed Oct 30 02:12:38 BDT 2024","passed","Wed Oct 30 02:12:44 BDT 2024","","Verify the error message","",""
"","3239","should show an error message with empty password ","","Sun Oct 13 18:29:06 BDT 2024","passed","Sun Oct 13 18:29:10 BDT 2024","","Verify the error message","",""
"","15511","should add product and verify name and price","","Sun Oct 13 18:29:16 BDT 2024","passed","Sun Oct 13 18:29:31 BDT 2024","","Filter product ,  Add To Cart , Checkout and Verify ","",""
"","2218","should successfully login with valid credentials ","","Sun Oct 13 18:29:08 BDT 2024","passed","Sun Oct 13 18:29:10 BDT 2024","","Login , Product Add To Cart(without filter) and Verify ","",""
"","7223","should successfully login with valid credentials ","","Sun Oct 13 18:29:08 BDT 2024","passed","Sun Oct 13 18:29:15 BDT 2024","","Filter product ,  Add To Cart , Checkout and Verify ","",""
"","10546","should add product and verify name and price","","Wed Oct 30 02:12:43 BDT 2024","passed","Wed Oct 30 02:12:53 BDT 2024","","Login , Product Add To Cart(without filter) and Verify ","",""
"","5527","should add product and verify name and price","","Sun Oct 13 18:29:10 BDT 2024","passed","Sun Oct 13 18:29:16 BDT 2024","","Login , Product Add To Cart(without filter) and Verify ","",""
"","2109","should show an error message  locked_out_user_test and valid password credentials","","Sun Oct 13 18:29:10 BDT 2024","passed","Sun Oct 13 18:29:12 BDT 2024","","Verify the error message","",""
